{
   "Leucocitos": 329.6873952184002,
   "Glucemia en  mg/dl": 848.1644674805833,
   "insuficiencia venosa profunda": 49.199737660949744,
   "apnea del sue\u00f1o": 35.79415008663195,
   "hipotiroidismo": 42.04659406411637,
   "fa": -15.120223821816893,
   "esquizofrenia": 17.05088786845054
}